Ref,Val,Package,PosX,PosY,Rot,Side
"C101","10uF","C_0603_1608Metric",2.599999,-10.400000,90.000000,bottom
"C102","22uF","C_0805_2012Metric",23.660000,-11.900000,90.000000,bottom
"C107","0.1uF","C_0402_1005Metric",19.000000,-7.400000,-90.000000,bottom
"C108","10uF","C_0603_1608Metric",26.200000,-11.900000,90.000000,bottom
"C114","0.1uF","C_0402_1005Metric",23.660000,-27.900000,90.000000,bottom
"C116","0.1uF","C_0402_1005Metric",13.250000,-24.400000,90.000000,bottom
"C201","10uF","C_0603_1608Metric",28.000000,-10.400000,90.000000,bottom
"C202","22uF","C_0805_2012Metric",49.060000,-11.900000,90.000000,bottom
"C207","0.1uF","C_0402_1005Metric",44.400000,-7.400000,-90.000000,bottom
"C208","10uF","C_0603_1608Metric",51.599999,-11.900000,90.000000,bottom
"C214","0.1uF","C_0402_1005Metric",49.060000,-27.900000,90.000000,bottom
"C216","0.1uF","C_0402_1005Metric",38.650000,-24.400000,90.000000,bottom
"C301","10uF","C_0603_1608Metric",53.400000,-10.400000,90.000000,bottom
"C302","22uF","C_0805_2012Metric",74.460000,-11.900000,90.000000,bottom
"C307","0.1uF","C_0402_1005Metric",69.800000,-7.400000,-90.000000,bottom
"C308","10uF","C_0603_1608Metric",77.000000,-11.900000,90.000000,bottom
"C314","0.1uF","C_0402_1005Metric",74.460000,-27.900000,90.000000,bottom
"C316","0.1uF","C_0402_1005Metric",64.050000,-24.400000,90.000000,bottom
"C401","10uF","C_0603_1608Metric",78.799999,-10.400000,90.000000,bottom
"C402","22uF","C_0805_2012Metric",99.859999,-11.900000,90.000000,bottom
"C407","0.1uF","C_0402_1005Metric",95.199999,-7.400000,-90.000000,bottom
"C408","10uF","C_0603_1608Metric",102.399999,-11.900000,90.000000,bottom
"C414","0.1uF","C_0402_1005Metric",99.859999,-27.900000,90.000000,bottom
"C416","0.1uF","C_0402_1005Metric",89.449999,-24.400000,90.000000,bottom
"J7","FPGA_J7","PinHeader_2x40_P2.54mm_Vertical_SMD",51.600000,-18.200000,-90.000000,bottom
"J8","FPGA_J8","PinHeader_2x40_P2.54mm_Vertical_SMD",51.600000,-33.600000,-90.000000,bottom
"R1","4.7k","R_0402_1005Metric",5.880000,-23.600000,-90.000000,bottom
"R2","4.7k","R_0402_1005Metric",31.279999,-23.600000,-90.000000,bottom
"R3","4.7k","R_0402_1005Metric",56.680000,-23.600000,-90.000000,bottom
"R4","4.7k","R_0402_1005Metric",82.079999,-23.600000,-90.000000,bottom
"R12","10k","R_0402_1005Metric",15.400000,-27.300000,0.000000,bottom
"R14","0R","R_0402_1005Metric",9.690000,-24.100000,90.000000,bottom
"R22","10k","R_0402_1005Metric",40.800000,-27.300000,0.000000,bottom
"R24","0R","R_0402_1005Metric",35.090000,-24.100000,90.000000,bottom
"R32","10k","R_0402_1005Metric",66.200000,-27.300000,0.000000,bottom
"R34","0R","R_0402_1005Metric",60.489999,-24.100000,90.000000,bottom
"R42","10k","R_0402_1005Metric",91.600000,-27.300000,0.000000,bottom
"R44","0R","R_0402_1005Metric",85.889999,-24.100000,90.000000,bottom
"U13","TLV1117LV18DCYR","SOT-223-3_TabPin2",13.500000,-5.800000,0.000000,bottom
"U23","TLV1117LV18DCYR","SOT-223-3_TabPin2",38.900000,-5.800000,0.000000,bottom
"U33","TLV1117LV18DCYR","SOT-223-3_TabPin2",64.300000,-5.800000,0.000000,bottom
"U43","TLV1117LV18DCYR","SOT-223-3_TabPin2",89.699999,-5.800000,0.000000,bottom
"C51","0.1uF","C_0402_1005Metric",107.800000,-16.000000,0.000000,top
"C52","10uF","C_0805_2012Metric",105.500000,-22.300000,0.000000,top
"C53","10uF","C_0805_2012Metric",105.500000,-24.800000,0.000000,top
"C54","0.1uF","C_0402_1005Metric",105.500000,-15.600000,0.000000,top
"C55","22uF","C_0805_2012Metric",110.000000,-24.300000,0.000000,top
"C56","22uF","C_0805_2012Metric",110.000000,-26.800000,0.000000,top
"C103","0.1uF","C_0402_1005Metric",26.200000,-20.000000,90.000000,top
"C104","0.1uF","C_0402_1005Metric",3.199999,-24.799999,90.000000,top
"C105","0.1uF","C_0402_1005Metric",3.199999,-28.499999,90.000000,top
"C106","0.1uF","C_0402_1005Metric",3.199999,-32.199999,90.000000,top
"C109","0.1uF","C_0402_1005Metric",23.660000,-28.689999,90.000000,top
"C110","0.1uF","C_0402_1005Metric",23.660000,-32.389999,90.000000,top
"C111","0.1uF","C_0402_1005Metric",23.660000,-36.089999,90.000000,top
"C112","10uF","C_0603_1608Metric",26.200000,-29.185000,90.000000,top
"C113","0.1uF","C_0402_1005Metric",21.120000,-27.700000,90.000000,top
"C115","1uF","C_0603_1608Metric",26.200000,-33.875000,90.000000,top
"C117","0.1uF","C_0402_1005Metric",5.880000,-14.800000,90.000000,top
"C118","1uF","C_0603_1608Metric",21.120000,-20.394999,90.000000,top
"C119","0.1uF","C_0402_1005Metric",21.120000,-16.200000,90.000000,top
"C120","0.1uF","C_0402_1005Metric",18.580000,-14.600000,-90.000000,top
"C203","0.1uF","C_0402_1005Metric",51.599999,-20.000000,90.000000,top
"C204","0.1uF","C_0402_1005Metric",28.599999,-24.799999,90.000000,top
"C205","0.1uF","C_0402_1005Metric",28.599999,-28.499999,90.000000,top
"C206","0.1uF","C_0402_1005Metric",28.599999,-32.199999,90.000000,top
"C209","0.1uF","C_0402_1005Metric",49.060000,-28.689999,90.000000,top
"C210","0.1uF","C_0402_1005Metric",49.060000,-32.389999,90.000000,top
"C211","0.1uF","C_0402_1005Metric",49.060000,-36.089999,90.000000,top
"C212","10uF","C_0603_1608Metric",51.599999,-29.185000,90.000000,top
"C213","0.1uF","C_0402_1005Metric",46.519999,-27.700000,90.000000,top
"C215","1uF","C_0603_1608Metric",51.599999,-33.875000,90.000000,top
"C217","0.1uF","C_0402_1005Metric",31.279999,-14.800000,90.000000,top
"C218","1uF","C_0603_1608Metric",46.519999,-20.394999,90.000000,top
"C219","0.1uF","C_0402_1005Metric",46.519999,-16.200000,90.000000,top
"C220","0.1uF","C_0402_1005Metric",43.980000,-14.600000,-90.000000,top
"C303","0.1uF","C_0402_1005Metric",77.000000,-20.000000,90.000000,top
"C304","0.1uF","C_0402_1005Metric",54.000000,-24.799999,90.000000,top
"C305","0.1uF","C_0402_1005Metric",54.000000,-28.499999,90.000000,top
"C306","0.1uF","C_0402_1005Metric",54.000000,-32.199999,90.000000,top
"C309","0.1uF","C_0402_1005Metric",74.460000,-28.689999,90.000000,top
"C310","0.1uF","C_0402_1005Metric",74.460000,-32.389999,90.000000,top
"C311","0.1uF","C_0402_1005Metric",74.460000,-36.089999,90.000000,top
"C312","10uF","C_0603_1608Metric",77.000000,-29.185000,90.000000,top
"C313","0.1uF","C_0402_1005Metric",71.920000,-27.700000,90.000000,top
"C315","1uF","C_0603_1608Metric",77.000000,-33.875000,90.000000,top
"C317","0.1uF","C_0402_1005Metric",56.680000,-14.800000,90.000000,top
"C318","1uF","C_0603_1608Metric",71.920000,-20.394999,90.000000,top
"C319","0.1uF","C_0402_1005Metric",71.920000,-16.200000,90.000000,top
"C320","0.1uF","C_0402_1005Metric",69.380000,-14.600000,-90.000000,top
"C403","0.1uF","C_0402_1005Metric",102.399999,-20.000000,90.000000,top
"C404","0.1uF","C_0402_1005Metric",79.399999,-24.799999,90.000000,top
"C405","0.1uF","C_0402_1005Metric",79.399999,-28.499999,90.000000,top
"C406","0.1uF","C_0402_1005Metric",79.399999,-32.199999,90.000000,top
"C409","0.1uF","C_0402_1005Metric",99.859999,-28.689999,90.000000,top
"C410","0.1uF","C_0402_1005Metric",99.859999,-32.389999,90.000000,top
"C411","0.1uF","C_0402_1005Metric",99.859999,-36.089999,90.000000,top
"C412","10uF","C_0603_1608Metric",102.399999,-29.185000,90.000000,top
"C413","0.1uF","C_0402_1005Metric",97.320000,-27.700000,90.000000,top
"C415","1uF","C_0603_1608Metric",102.399999,-33.875000,90.000000,top
"C417","0.1uF","C_0402_1005Metric",82.079999,-14.800000,90.000000,top
"C418","1uF","C_0603_1608Metric",97.320000,-20.394999,90.000000,top
"C419","0.1uF","C_0402_1005Metric",97.320000,-16.200000,90.000000,top
"C420","0.1uF","C_0402_1005Metric",94.779999,-14.600000,-90.000000,top
"D1","PWR","LED_0603_1608Metric",108.000000,-2.500000,0.000000,top
"F1","2A","Fuse_1206_3216Metric",104.500000,-12.000000,90.000000,top
"FB11","120R@100MHz","L_0603_1608Metric",23.660000,-24.495000,90.000000,top
"FB12","120R@100MHz","L_0603_1608Metric",26.200000,-24.495000,90.000000,top
"FB21","120R@100MHz","L_0603_1608Metric",49.060000,-24.495000,90.000000,top
"FB22","120R@100MHz","L_0603_1608Metric",51.599999,-24.495000,90.000000,top
"FB31","120R@100MHz","L_0603_1608Metric",74.460000,-24.495000,90.000000,top
"FB32","120R@100MHz","L_0603_1608Metric",77.000000,-24.495000,90.000000,top
"FB41","120R@100MHz","L_0603_1608Metric",99.859999,-24.495000,90.000000,top
"FB42","120R@100MHz","L_0603_1608Metric",102.399999,-24.495000,90.000000,top
"J1","HDMI_A","HDMI_A_Molex_208658-1001_Horizontal",13.500000,-7.020000,90.000000,top
"J2","HDMI_A","HDMI_A_Molex_208658-1001_Horizontal",38.900000,-7.020000,90.000000,top
"J3","HDMI_A","HDMI_A_Molex_208658-1001_Horizontal",64.300000,-7.020000,90.000000,top
"J4","HDMI_A","HDMI_A_Molex_208658-1001_Horizontal",89.699999,-7.020000,90.000000,top
"J5","USB-C 5V in","USB_C_Receptacle_GCT_USB4105-xx-A_16P_TopMnt_Horizontal",111.330000,-10.000000,90.000000,top
"J6","5V ALT IN","PinHeader_1x02_P2.54mm_Vertical",105.500000,-31.000000,0.000000,top
"L1","4.7uH","L_Taiyo-Yuden_NR-40xx",110.000000,-19.500000,0.000000,top
"R5","5.1k","R_0402_1005Metric",104.500000,-6.000000,0.000000,top
"R6","5.1k","R_0402_1005Metric",104.500000,-8.000000,0.000000,top
"R7","100k","R_0402_1005Metric",105.500000,-27.300000,0.000000,top
"R8","1k","R_0402_1005Metric",104.500000,-2.500000,0.000000,top
"R11","887R 1%","R_0402_1005Metric",21.120000,-24.800000,90.000000,top
"R13","10k","R_0402_1005Metric",3.199999,-16.000000,90.000000,top
"R21","887R 1%","R_0402_1005Metric",46.519999,-24.800000,90.000000,top
"R23","10k","R_0402_1005Metric",28.599999,-16.000000,90.000000,top
"R31","887R 1%","R_0402_1005Metric",71.920000,-24.800000,90.000000,top
"R33","10k","R_0402_1005Metric",54.000000,-16.000000,90.000000,top
"R41","887R 1%","R_0402_1005Metric",97.320000,-24.800000,90.000000,top
"R43","10k","R_0402_1005Metric",79.399999,-16.000000,90.000000,top
"U5","AP63203WU","TSOT-23-6",105.500000,-18.500000,0.000000,top
"U11","ADV7513BSWZ","LQFP-64-1EP_10x10mm_P0.5mm_EP5x5mm",13.500000,-30.400000,180.000000,top
"U12","TPD12S016PWR","TSSOP-24_4.4x7.8mm_P0.65mm",13.500000,-18.000000,90.000000,top
"U21","ADV7513BSWZ","LQFP-64-1EP_10x10mm_P0.5mm_EP5x5mm",38.900000,-30.400000,180.000000,top
"U22","TPD12S016PWR","TSSOP-24_4.4x7.8mm_P0.65mm",38.900000,-18.000000,90.000000,top
"U31","ADV7513BSWZ","LQFP-64-1EP_10x10mm_P0.5mm_EP5x5mm",64.300000,-30.400000,180.000000,top
"U32","TPD12S016PWR","TSSOP-24_4.4x7.8mm_P0.65mm",64.300000,-18.000000,90.000000,top
"U41","ADV7513BSWZ","LQFP-64-1EP_10x10mm_P0.5mm_EP5x5mm",89.699999,-30.400000,180.000000,top
"U42","TPD12S016PWR","TSSOP-24_4.4x7.8mm_P0.65mm",89.699999,-18.000000,90.000000,top
